328862,323294,833,2882,2661,08,29,0,0,1,内蒙古
328862,844400,1271,2882,2661,08,29,0,1,1,山西
328862,575153,1271,2882,2661,08,29,0,2,1,山西
328862,996875,1271,2882,2661,08,29,0,1,1,内蒙古
328862,1086186,1271,1253,1049,08,29,0,0,2,浙江
328862,623866,1271,2882,2661,08,29,0,0,2,黑龙江
328862,542871,1467,2882,2661,08,29,0,5,2,四川
328862,536347,1095,883,1647,08,29,0,7,1,吉林
328862,364513,1271,2882,2661,08,29,0,1,2,贵州
328862,575153,1271,2882,2661,08,29,0,0,0,陕西
328862,239288,602,420,4953,08,01,0,6,0,北京市
328862,950862,962,4605,7622,08,01,0,1,0,天津市
328862,262500,602,420,4953,08,01,0,3,2,江苏
328862,1064265,614,4605,7622,08,01,0,0,0,安徽
328862,809148,602,420,4953,08,01,0,5,0,上海市
328862,197239,602,420,4953,08,01,0,3,0,河南
328862,43367,1505,3828,1446,05,26,0,0,0,安徽
328862,844535,302,3354,883,05,26,0,1,1,香港
328862,886633,1505,3828,1446,05,26,0,0,2,陕西
328862,81766,614,4605,7622,07,09,2,1,0,山西
328862,524981,664,2382,1272,06,02,0,5,0,甘肃
328862,81766,614,4605,7622,07,09,0,5,2,陕西
328862,208525,267,3073,8126,08,05,0,7,2,四川
328862,853901,267,3073,8126,08,05,2,7,0,山西
328862,1102596,267,3073,8126,08,05,2,1,1,山东
328862,963870,267,3073,8126,08,05,2,7,2,重庆市
328862,813647,267,3073,8126,08,05,2,7,2,福建
328862,208525,267,3073,8126,08,05,2,6,1,浙江
328862,943106,662,3354,883,05,26,0,6,1,广东
328862,950862,962,4605,7622,07,09,0,3,0,内蒙古
328862,943106,662,3354,883,05,26,0,4,0,山东
328862,1037824,662,4094,7749,05,31,0,4,2,重庆市
328862,339997,1432,323,320,05,31,0,1,2,山东
328862,706479,1505,780,516,09,21,0,6,1,云南
328862,544690,1095,780,516,09,21,0,1,2,新疆
328862,81766,614,4605,7622,08,01,2,0,0,澳门
328862,1064265,614,4605,7622,08,01,0,1,2,香港
328862,237512,154,883,1647,08,29,0,1,0,山西
328862,65116,614,4605,7622,07,09,0,6,0,山西
328862,261334,602,420,4953,08,01,0,1,2,湖北
328862,815434,602,420,4953,08,01,0,5,2,上海市
328862,467266,821,3354,883,05,26,0,7,1,新疆
328862,30217,1397,3354,883,05,26,0,6,0,江西
328862,142866,1238,3828,1446,05,26,0,1,1,四川
328862,542129,602,420,4953,08,01,0,3,1,辽宁
328862,1089499,154,883,1647,08,29,0,2,2,江苏
328862,19195,602,420,4953,08,01,0,4,0,青海
328862,81766,614,4605,7622,07,09,0,6,2,台湾
328862,81766,614,4605,7622,07,09,0,1,0,宁夏
328862,81766,614,4605,7622,07,09,0,1,2,安徽
328862,1064265,614,4605,7622,07,09,0,5,0,甘肃
328862,93242,1505,780,516,09,21,0,1,0,贵州
328862,605963,1467,4432,1209,09,21,0,4,0,四川
328862,402928,602,420,4953,08,01,0,2,1,吉林
328862,589922,1095,780,516,09,21,0,7,1,青海
328862,267067,1208,1200,2276,09,08,0,4,0,江西
328862,313424,614,4043,7178,10,13,0,6,1,内蒙古
328862,697491,662,3828,1446,05,26,0,0,1,安徽
328862,1113102,1505,3828,1446,05,26,0,0,2,湖南
328862,452003,1505,3828,1446,05,26,0,4,2,河北
328862,698158,1505,3828,1446,05,26,0,5,1,宁夏
328862,81766,614,4605,7622,08,01,0,3,0,新疆
328862,313424,614,4043,7178,10,13,0,5,2,北京市
328862,218471,302,3828,1446,05,26,0,5,0,辽宁
328862,81766,614,4605,7622,08,01,0,1,1,北京市
328862,751744,602,420,4953,08,01,0,5,2,北京市
328862,440930,1271,2882,2661,08,29,0,6,1,西藏
328862,575153,1271,2882,2661,08,29,3,7,0,宁夏
328862,623866,1271,2882,2661,08,29,3,3,0,江西
328862,880162,1271,2882,2661,08,29,0,6,2,湖南
328862,1021873,1271,2882,2661,08,29,0,7,1,河北
328862,1091221,1271,591,418,08,29,0,6,1,香港
328862,1110047,1271,2882,2661,08,29,0,7,1,海南
328862,418334,1271,2882,2661,08,29,0,3,2,江苏
328862,547309,1467,1253,7907,08,29,0,7,0,上海市
328862,575153,1271,2882,2661,08,29,0,1,2,湖北
328862,291985,656,2882,2661,08,29,0,6,1,河北
328862,582564,1271,2882,2661,08,29,0,7,0,青海
328862,985405,656,2882,2661,08,29,0,2,0,海南
328862,216494,1271,2882,2661,08,29,0,7,0,澳门
328862,364513,1271,2882,2661,08,29,0,3,2,澳门
328862,328577,1095,883,1647,08,29,0,1,0,青海
328862,845130,1467,2882,2661,08,29,0,5,0,湖北
328862,351462,1553,3925,2031,08,29,0,3,0,湖北
328862,22064,1271,2882,2661,08,29,0,1,2,山东
328862,439895,1467,1253,328,08,29,0,3,1,广东
328862,1047122,1271,2882,2661,08,29,0,2,2,上海市
328862,315621,1271,1253,7907,08,29,0,3,0,澳门
328862,216494,1271,2882,2661,08,29,0,0,2,台湾
328862,709455,1271,2882,2661,08,29,0,7,2,香港
328862,832524,1467,2882,2661,08,29,0,3,2,天津市
328862,447269,154,883,1647,08,29,0,1,0,江西
328862,702304,821,1138,4104,08,23,0,7,0,海南
328862,336583,662,4924,856,06,15,0,7,1,青海
328862,577161,662,4094,7749,06,15,0,2,1,江西
328862,42828,1397,3354,883,06,15,0,3,2,浙江
328862,157010,1095,883,1647,06,15,0,4,0,海南
328862,484676,267,3073,8126,10,02,2,2,0,浙江
328862,1024236,1577,1138,4104,10,02,0,2,2,台湾
328862,99493,387,1138,4104,10,02,0,1,1,四川
328862,251929,1438,639,1565,10,02,0,2,2,西藏
328862,484676,267,3073,8126,10,02,0,7,2,江苏
328862,251929,1438,639,1565,10,02,2,5,0,吉林
328862,484676,267,3073,8126,10,02,2,1,2,浙江
328862,251929,1438,639,1565,10,02,2,5,0,江苏
328862,484676,267,3073,8126,10,02,2,5,2,江西
328862,484676,267,3073,8126,10,02,2,6,2,新疆
328862,484676,267,3073,8126,10,02,2,0,2,广东
328862,267067,1208,1200,2276,09,06,0,7,2,陕西
328862,267067,1208,1200,2276,09,06,2,4,0,四川
328862,267067,1208,1200,2276,09,06,0,0,2,广东
328862,267067,1208,1200,2276,09,06,2,3,0,辽宁
328862,499898,614,4605,7622,07,11,0,4,2,内蒙古
328862,1068751,56,4488,5625,05,20,0,7,1,陕西
328862,73839,1505,2720,1005,06,19,0,0,1,重庆市
328862,609965,1118,167,6065,07,23,0,7,1,河南
328862,428643,662,461,1859,07,27,3,5,1,山东
328862,197818,662,461,1859,07,27,0,2,0,山西
328862,834814,662,461,1859,07,27,0,1,2,广东
328862,169025,1577,3828,1446,06,20,0,5,1,北京市
328862,359016,1271,4438,2427,06,20,0,1,1,江苏
328862,43421,833,3719,4771,06,19,0,6,0,台湾
328862,169025,1577,3828,1446,06,19,2,5,0,甘肃
328862,712703,1238,3828,1446,06,19,0,6,0,北京市
328862,169025,1577,3828,1446,06,19,0,1,0,江苏
328862,488385,833,1692,2235,06,19,0,0,1,云南
328862,842597,1553,1138,4104,11,02,0,6,1,江苏
328862,217103,389,1138,4104,11,02,0,6,2,天津市
328862,431009,1577,3828,1446,11,02,0,1,0,四川
328862,161758,748,1138,4104,11,02,0,4,1,江西
328862,258882,1142,1138,4104,11,02,0,1,0,黑龙江
328862,156988,1095,1138,4104,11,02,0,7,2,河南
328862,352135,662,461,1859,07,27,0,0,1,宁夏
328862,244223,662,461,1859,07,27,0,7,0,福建
328862,202407,662,461,1859,07,27,0,7,1,福建
328862,1026544,1467,437,801,07,27,0,0,0,上海市
328862,202407,662,461,1859,07,27,0,2,2,宁夏
328862,263868,662,461,1859,07,27,0,6,0,山西
328862,819025,1577,461,1859,07,27,0,7,2,湖北
328862,920806,662,461,1859,07,27,0,1,2,宁夏
328862,428643,662,461,1859,07,27,0,2,2,青海
328862,348356,662,461,1859,07,27,0,0,1,湖北
328862,73392,662,461,1859,07,27,0,6,2,上海市
328862,1014024,662,461,1859,07,27,0,6,2,河南
328862,629649,662,461,1859,07,27,0,2,1,天津市
328862,629649,662,461,1859,07,27,0,2,0,台湾
328862,274189,662,461,1859,07,27,0,2,1,山西
328862,428643,662,461,1859,07,27,0,5,0,辽宁
328862,971563,1467,1003,2593,10,26,0,7,2,云南
328862,971563,1467,1003,2593,10,26,0,2,2,北京市
328862,294555,267,1867,3243,10,26,0,1,1,江西
328862,506491,389,1138,4104,11,02,0,0,1,湖南
328862,636524,1591,1138,4104,08,23,0,3,2,广西
328862,972269,154,1138,4104,08,23,0,0,2,河北
328862,162308,387,1138,4104,08,23,0,5,2,福建
328862,702304,821,1138,4104,08,23,0,3,1,澳门
328862,482931,1591,1138,4104,08,23,0,4,2,陕西
328862,702304,821,1138,4104,08,23,2,0,1,黑龙江
328862,401830,1397,1138,4104,08,20,0,2,1,贵州
328862,866829,662,1138,4104,08,20,0,4,1,澳门
328862,257104,1397,1138,4104,08,20,0,2,2,青海
328862,741932,387,1138,4104,08,20,0,7,0,广西
328862,362266,1577,2412,4801,06,01,0,2,1,江西
328862,787310,895,3948,735,09,27,0,5,2,云南
328862,469250,407,4109,511,07,08,0,4,0,北京市
328862,1094497,407,4109,511,07,08,0,1,2,江苏
328862,1094497,407,4109,511,07,08,2,6,1,河北
328862,711042,1095,2412,4801,07,08,0,7,0,辽宁
328862,805378,407,4109,511,07,08,0,0,2,河北
328862,896716,407,4109,511,07,08,0,3,2,安徽
328862,1094497,407,4109,511,07,08,0,3,0,安徽
328862,406349,1280,2700,5476,11,11,0,0,1,四川
328862,406349,1280,2700,5476,11,11,0,7,1,重庆市
328862,807126,1181,1963,6109,11,11,0,1,0,上海市
328862,406349,1280,2700,5476,11,11,2,6,0,台湾
328862,406349,1280,2700,5476,11,11,0,6,2,甘肃
328862,406349,1280,2700,5476,11,11,0,4,1,甘肃
328862,1094497,407,4109,511,07,08,0,5,1,青海
328862,675927,407,4109,511,07,08,0,6,1,河南
328862,43799,407,4109,511,07,08,0,4,1,河南
328862,896776,407,4109,511,07,08,0,3,0,黑龙江
328862,731269,833,2217,3012,07,08,0,5,1,西藏
328862,941328,1397,4688,4623,06,25,0,4,0,安徽
328862,406349,1280,2700,5476,11,11,0,5,0,浙江
328862,406349,1280,2700,5476,11,11,0,3,2,澳门
328862,406349,1280,2700,5476,11,11,0,7,1,台湾
328862,443739,138,4877,1954,10,12,0,0,2,宁夏
328862,556215,821,3925,2031,07,21,0,5,0,海南
328862,476545,1326,2479,5553,07,12,0,6,1,甘肃
328862,376294,1326,2479,5553,07,12,0,7,1,香港
328862,601596,737,2479,5553,07,12,0,0,0,广东
328862,633173,737,2479,5553,07,12,0,0,1,黑龙江
328862,621602,737,2479,5553,07,12,0,0,0,湖南
328862,376294,1326,2479,5553,07,12,0,3,1,澳门
328862,376294,1326,2479,5553,07,12,0,7,1,台湾
328862,839044,1326,2479,5553,07,12,0,2,0,浙江
328862,376294,1326,2479,5553,07,12,0,6,2,湖南
328862,376294,1326,2479,5553,07,12,0,3,2,江苏
328862,514704,407,4109,511,07,08,0,6,1,吉林
328862,514704,407,4109,511,07,08,0,5,0,香港
328862,469250,407,4109,511,07,08,0,1,2,贵州
328862,514704,407,4109,511,07,08,2,2,2,福建
328862,206882,387,3354,883,06,01,0,5,1,贵州
328862,587603,821,2412,4801,06,01,0,2,1,江苏
328862,132892,1095,2412,4801,06,01,0,6,1,云南
328862,745630,1604,3354,883,06,01,0,0,2,河南
328862,156921,387,3354,883,06,01,0,3,2,浙江
328862,276320,821,3354,883,06,01,0,3,1,云南
328862,468087,387,1138,4104,08,20,0,1,2,香港
328862,505977,154,1138,4104,08,20,0,1,2,四川
328862,105408,821,1138,4104,08,20,0,1,2,陕西
328862,682964,154,1138,4104,08,20,0,1,2,浙江
328862,669851,387,1138,4104,08,20,0,4,0,北京市
328862,34034,1591,1138,4104,08,20,0,7,0,广西
328862,431931,154,1138,4104,08,20,0,4,1,河南
328862,745,1577,1138,4104,08,20,0,6,0,河北
328862,679759,387,1138,4104,08,20,0,6,1,宁夏
328862,706347,387,1138,4104,08,20,0,5,2,云南
328862,449288,154,1138,4104,08,20,0,5,1,宁夏
328862,338981,154,1138,4104,08,20,0,4,1,澳门
328862,639055,1397,1138,4104,08,20,0,3,1,香港
328862,1079313,662,1138,4104,08,20,0,3,0,吉林
328862,669851,387,1138,4104,08,20,0,7,1,湖南
328862,33262,602,420,4953,08,26,0,7,2,内蒙古
328862,698318,737,3459,2683,10,22,2,0,0,台湾
328862,698318,737,3459,2683,10,22,0,7,0,宁夏
328862,949741,1591,1138,4104,08,10,0,4,2,江苏
328862,305902,821,461,1859,08,10,0,0,1,山东
328862,706347,387,1138,4104,08,10,0,7,2,云南
328862,1021984,1525,2667,4926,08,10,0,6,0,西藏
328862,1021984,1525,2667,4926,08,10,2,4,1,天津市
328862,1021984,1525,2667,4926,08,10,0,1,1,山西
328862,468087,387,1138,4104,08,10,0,5,0,湖北
328862,151921,387,1138,4104,08,10,0,7,2,澳门
328862,265454,662,461,1859,08,10,0,6,0,海南
328862,1021984,1525,2667,4926,08,10,0,4,2,海南
328862,326321,1326,3459,2683,10,22,0,1,1,湖北
328862,698318,737,3459,2683,10,22,0,3,2,新疆
328862,698318,737,3459,2683,10,22,0,2,2,河北
328862,326321,1326,3459,2683,10,22,2,2,1,广西
328862,326321,1326,3459,2683,10,22,0,6,0,山西
328862,698318,737,3459,2683,10,22,0,7,2,广西
328862,326321,1326,3459,2683,10,22,0,6,1,重庆市
328862,676090,119,4043,7178,06,11,0,2,1,湖南
328862,676090,119,4043,7178,06,11,0,7,1,澳门
328862,161902,662,1102,1214,06,11,0,5,0,上海市
328862,676090,119,4043,7178,06,11,2,4,1,河北
328862,1037674,1238,1102,1214,06,11,0,6,0,黑龙江
328862,745558,387,1138,4104,08,10,0,4,0,湖南
328862,669851,387,1138,4104,08,10,0,1,1,重庆市
328862,698318,737,3459,2683,10,22,0,4,2,北京市
328862,698318,737,3459,2683,10,22,0,3,1,浙江
328862,326321,1326,3459,2683,10,22,0,2,0,贵州
328862,567850,737,3459,2683,10,22,0,0,2,内蒙古
328862,685024,845,2667,1962,08,10,2,3,0,山西
328862,119898,602,420,4953,08,26,0,3,0,浙江
328862,819507,602,420,4953,08,26,0,6,0,澳门
328862,702304,821,1138,4104,08,26,0,6,1,甘肃
328862,958644,1095,3828,1446,07,28,0,5,2,贵州
328862,408039,821,1138,4104,07,28,0,4,0,甘肃
328862,189490,662,3828,1446,07,28,0,0,2,台湾
328862,697491,662,3828,1446,07,28,0,4,1,贵州
328862,92347,662,465,1797,07,28,0,5,2,内蒙古
328862,296809,662,3828,1446,07,28,0,2,1,四川
328862,679003,821,3828,1446,07,28,0,2,2,河北
328862,372369,1397,3828,1446,07,28,0,3,2,天津市
328862,372369,1397,3828,1446,07,28,0,2,1,甘肃
328862,482931,1591,1138,4104,07,28,0,1,0,甘肃
328862,733181,662,1138,4104,07,28,0,3,2,江西
328862,1002584,302,3828,1446,07,28,0,4,2,青海
328862,108287,1271,437,801,05,28,0,5,0,安徽
328862,256805,664,789,1552,10,07,0,6,1,黑龙江
328862,530611,1271,4257,6742,05,28,0,1,0,新疆
328862,992655,1467,623,7047,05,28,0,4,1,西藏
328862,906495,1271,3950,4052,05,28,0,5,0,黑龙江
328862,455221,1271,437,801,05,28,0,4,2,北京市
328862,693014,1188,3679,8461,06,21,0,3,2,河北
328862,1077249,1505,944,7370,06,21,0,2,1,澳门
328862,693014,1188,3679,8461,06,21,0,0,0,海南
328862,693014,1188,3679,8461,06,21,0,6,2,山西
328862,693014,1188,3679,8461,06,21,2,2,2,天津市
328862,693014,1188,3679,8461,06,21,0,3,0,上海市
328862,831881,36,3112,809,06,21,0,6,1,河北
328862,693014,1188,3679,8461,06,21,0,5,1,青海
328862,1084285,1188,1687,6296,06,21,0,5,0,湖南
328862,693014,1188,3679,8461,06,21,0,5,2,重庆市
328862,693014,1188,3679,8461,06,21,0,6,0,陕西
328862,831881,36,3112,809,06,21,2,6,0,青海
328862,693014,1188,3679,8461,06,21,0,2,0,湖北
328862,693014,1188,3679,8461,06,21,0,7,2,甘肃
328862,693014,1188,3679,8461,06,21,0,0,1,宁夏
328862,249435,1188,3679,8461,06,21,0,7,0,广东
328862,472412,985,1688,1039,08,12,0,2,2,陕西
328862,696448,464,3373,5148,05,25,0,1,1,重庆市
328862,985000,464,1742,7885,05,25,0,2,1,河北
328862,845746,464,1742,7885,05,25,2,1,1,青海
328862,942560,464,3373,5148,05,25,0,4,0,天津市
328862,226057,464,3373,5148,05,25,0,4,1,重庆市
328862,845746,464,1742,7885,05,25,0,4,2,台湾
328862,637637,662,3828,1446,07,28,0,6,0,青海
328862,477050,662,1138,4104,07,28,0,3,2,宁夏
328862,696163,1095,3828,1446,07,28,0,6,0,湖南
328862,81302,302,3828,1446,07,28,0,3,1,新疆
328862,554034,662,3828,1446,07,28,0,6,0,北京市
328862,881947,662,1138,4104,07,28,0,6,0,内蒙古
328862,482931,1591,1138,4104,07,28,0,4,2,河南
328862,638263,1397,3828,1446,07,28,0,2,2,安徽
328862,548082,821,3828,1446,07,28,0,3,2,西藏
328862,671405,662,3828,1446,07,28,0,0,2,上海市
328862,123379,1095,1138,4104,07,28,0,5,1,安徽
328862,482931,1591,1138,4104,07,28,0,7,1,陕西
328862,542325,662,3828,1446,07,28,0,6,2,浙江
328862,451956,662,3828,1446,07,28,0,0,1,甘肃
328862,381779,1577,1138,4104,07,28,0,3,0,广西
328862,502970,1591,1138,4104,07,28,0,5,0,新疆
328862,665481,1397,3828,1446,07,28,0,6,0,河北
328862,599521,1505,3828,1446,07,28,0,3,2,澳门
328862,451956,662,3828,1446,07,28,0,6,2,西藏
328862,712156,662,3828,1446,07,28,0,6,1,新疆
328862,542806,1397,3828,1446,07,28,0,5,2,天津市
328862,694607,662,3828,1446,07,28,0,2,1,河北
328862,608402,1397,3828,1446,07,28,0,2,2,澳门
328862,866433,662,3828,1446,07,28,0,6,0,湖南
328862,172030,662,1138,4104,07,28,0,1,1,新疆
328862,294878,821,3828,1446,07,28,0,0,2,北京市
328862,694607,662,3828,1446,07,28,0,3,2,新疆
328862,406459,662,3828,1446,07,28,0,0,1,湖北
328862,913584,1505,3828,1446,07,28,0,5,0,北京市
328862,592310,821,1138,4104,07,28,0,6,0,浙江
328862,986603,302,3828,1446,07,28,0,0,2,山西
328862,1002584,302,3828,1446,07,28,0,4,1,安徽
328862,1097257,384,3828,1446,07,28,0,1,1,河北
328862,516503,662,1138,4104,07,28,0,0,2,吉林
328862,296339,1397,1138,4104,07,28,0,7,1,甘肃
328862,845303,302,3828,1446,07,28,0,3,0,内蒙古
328862,952255,662,1138,4104,07,28,0,1,1,重庆市
328862,593557,1397,3828,1446,07,28,0,5,2,黑龙江
328862,694607,662,3828,1446,07,28,0,6,2,内蒙古
328862,841339,662,1138,4104,07,28,0,0,2,陕西
328862,622867,1095,3828,1446,07,28,0,3,2,黑龙江
328862,636524,1591,1138,4104,07,28,0,2,2,河北
328862,451956,662,3828,1446,07,28,0,7,2,宁夏
328862,1002584,302,3828,1446,07,28,0,7,2,贵州
328862,983806,662,1138,4104,07,28,0,4,0,青海
328862,142745,662,1138,4104,07,28,0,5,1,海南
328862,218097,662,3354,883,07,28,0,3,1,江苏
328862,1076388,662,3828,1446,07,28,0,3,0,云南
328862,938558,662,1138,4104,07,28,0,6,1,海南
328862,234418,464,3373,5148,05,25,0,2,2,台湾
328862,316274,464,3373,5148,05,25,0,0,0,澳门
328862,234418,464,3373,5148,05,25,0,6,0,江西
328862,335216,464,3373,5148,05,25,0,3,2,广西
328862,335216,464,3373,5148,05,25,0,1,0,辽宁
328862,224761,464,3373,5148,05,25,0,3,2,湖北
328862,99625,464,3373,5148,05,25,0,0,2,广西
328862,172370,464,3373,5148,05,25,0,6,1,黑龙江
328862,224761,464,3373,5148,05,25,0,1,0,内蒙古
328862,316274,464,3373,5148,05,25,0,3,1,台湾
328862,897293,1397,3828,1446,07,28,0,4,1,重庆市
328862,408039,821,1138,4104,07,28,0,5,2,辽宁
328862,723943,821,3828,1446,07,28,0,3,0,山东
328862,743770,1397,3828,1446,07,28,0,1,1,上海市
328862,746692,662,3354,883,07,28,0,2,1,山西
328862,636178,662,2159,8249,07,28,0,0,2,湖北
328862,611865,387,1138,4104,07,28,0,4,0,青海
328862,1002584,302,3828,1446,07,28,0,5,2,湖北
328862,632777,662,3828,1446,07,28,0,2,0,河南
328862,977039,662,3828,1446,07,28,0,0,2,陕西
328862,625386,1397,3828,1446,07,28,0,0,2,河南
328862,632777,662,3828,1446,07,28,0,6,1,香港
328862,853549,1591,1138,4104,07,28,0,4,0,北京市
328862,825551,154,1138,4104,07,28,0,6,1,江苏
328862,408039,821,1138,4104,07,28,2,2,1,重庆市
328862,555540,662,3828,1446,07,28,0,2,2,湖北
328862,841339,662,1138,4104,07,28,0,2,2,甘肃
328862,456203,662,3828,1446,07,28,0,0,2,甘肃
328862,853549,1591,1138,4104,07,28,2,6,0,广西
328862,437487,662,4094,7749,07,28,0,2,1,内蒙古
328862,289003,1591,1138,4104,07,28,0,4,0,澳门
328862,482931,1591,1138,4104,07,28,0,1,1,上海市
328862,18691,384,3828,1446,07,28,0,3,1,台湾
328862,865959,384,3828,1446,07,28,0,0,1,贵州
328862,811554,1397,3828,1446,07,28,0,5,1,河南
328862,950272,1397,3828,1446,07,28,0,1,1,甘肃
328862,694607,662,3828,1446,07,28,0,6,0,河北
328862,456185,1397,3828,1446,07,28,0,1,0,甘肃
328862,983806,662,1138,4104,07,28,0,5,0,宁夏
328862,632777,662,3828,1446,07,28,0,7,0,云南
328862,1017477,662,3828,1446,07,28,0,0,0,澳门
328862,816917,821,1138,4104,07,28,0,2,2,浙江
328862,881947,662,1138,4104,07,28,0,1,1,江西
328862,865959,384,3828,1446,07,28,0,2,2,西藏
328862,548082,821,3828,1446,07,28,0,3,0,新疆
328862,1002584,302,3828,1446,07,28,2,2,1,内蒙古
328862,881947,662,1138,4104,07,28,2,6,2,湖南
328862,636510,1095,3828,1446,07,28,0,7,0,浙江
328862,49656,1397,3828,1446,07,28,0,7,2,海南
328862,698690,1505,3828,1446,07,28,0,4,1,内蒙古
328862,591185,1397,1138,4104,07,28,0,3,0,新疆
328862,741068,1397,3828,1446,07,28,0,1,0,江苏
328862,209591,821,1138,4104,07,28,0,7,2,云南
328862,694607,662,3828,1446,07,28,0,3,2,广东
328862,127649,1397,3828,1446,07,28,0,6,2,江苏
328862,515018,1505,3828,1446,07,28,0,7,0,北京市
328862,1021957,154,1138,4104,07,28,0,4,1,湖南
328862,881947,662,1138,4104,07,28,0,5,2,重庆市
328862,190238,302,3828,1446,07,28,0,4,1,宁夏
328862,853549,1591,1138,4104,07,28,0,1,2,甘肃
328862,671405,662,3828,1446,07,28,0,0,2,黑龙江
328862,482931,1591,1138,4104,07,28,2,6,0,湖北
328862,611865,387,1138,4104,07,28,0,4,0,山东
328862,296339,1397,1138,4104,07,28,0,6,2,贵州
328862,924526,1141,2186,5367,10,28,0,1,2,广东
328862,642126,1271,173,4509,06,05,0,2,2,天津市
328862,879690,1577,4173,5376,06,05,0,4,1,山西
328862,785616,302,4173,5376,06,05,0,4,2,辽宁
328862,799087,833,173,4509,06,05,0,0,0,黑龙江
328862,786414,1397,4173,5376,06,05,0,1,1,海南
328862,1099129,1271,2882,2661,08,29,0,0,2,辽宁
234512,146770,1173,693,3186,06,25,0,5,1,贵州
234512,1106076,992,3783,8165,10,16,0,7,0,上海市
234512,866567,1198,693,3186,06,25,0,6,0,山东
234512,146770,1173,693,3186,06,25,2,2,2,新疆
234512,146770,1173,693,3186,06,25,0,4,1,上海市
234512,146770,1173,693,3186,06,25,0,6,0,云南
234512,146770,1173,693,3186,06,25,0,5,2,河北
234512,146770,1173,693,3186,06,25,0,2,1,黑龙江
234512,437874,1208,422,2276,11,08,0,3,0,江苏
234512,399860,962,305,6300,11,11,0,4,1,安徽
234512,240182,81,3018,4144,11,11,2,1,2,天津市
234512,137298,1432,3271,6957,11,11,2,3,1,福建
234512,245026,389,830,6866,11,11,0,0,1,黑龙江
234512,179830,1208,546,2276,11,11,2,1,0,广西
234512,817066,1611,2468,1392,11,11,0,2,2,上海市
234512,826863,737,82,2971,06,16,0,0,2,河南
234512,671367,737,556,4252,06,16,0,5,2,西藏
234512,175377,737,1595,5800,06,16,0,5,1,内蒙古
234512,1106076,992,3783,8165,10,15,2,4,2,西藏
234512,568730,420,2468,1392,11,11,0,7,2,广西
234512,34570,1611,2468,1392,11,11,0,3,1,海南
234512,137298,1432,3271,6957,11,11,0,6,2,广东
234512,719701,389,4655,3157,11,11,0,2,2,辽宁
234512,137298,1432,3271,6957,11,11,0,7,0,福建
234512,1106076,992,3783,8165,10,15,0,6,0,辽宁
234512,944554,1432,323,320,11,11,0,2,2,香港
234512,524779,389,4655,3157,11,11,0,6,0,吉林
234512,240182,81,3018,4580,11,11,0,1,2,黑龙江
234512,944554,1432,323,320,11,11,3,7,0,天津市
234512,585039,825,800,6326,11,11,0,7,0,台湾
234512,1040938,1603,3271,6957,11,11,0,1,0,重庆市
234512,137298,1432,3271,6957,11,11,0,6,0,天津市
234512,585039,825,800,6326,11,11,0,7,2,云南
234512,240182,81,3018,4580,11,11,0,1,1,浙江
234512,910962,1023,2468,1392,11,11,0,7,0,河南
234512,1106076,992,3783,8165,10,17,0,5,0,河南
234512,601567,1553,4475,3174,10,17,0,4,0,云南
234512,1106076,992,3783,8165,10,17,0,6,2,黑龙江
234512,601567,1553,4475,3174,10,17,0,0,1,河北
234512,1106076,992,3783,8165,11,01,0,1,2,海南
234512,1106076,992,3783,8165,10,21,0,5,1,福建
234512,585039,825,800,6326,11,10,2,6,2,河南
234512,585039,825,800,6326,11,10,0,7,2,海南
234512,437874,1208,422,2276,11,10,0,2,2,安徽
234512,509193,276,1418,7141,11,10,0,6,0,河北
234512,572372,825,800,6326,11,10,0,3,1,青海
234512,758374,1129,3205,2270,11,09,0,4,0,山东
234512,953427,1280,1766,1297,11,09,0,5,1,福建
234512,585039,825,800,6326,11,10,3,2,2,青海
234512,585039,825,800,6326,11,10,0,5,0,陕西
234512,585039,825,800,6326,11,10,0,2,0,湖南
234512,233274,825,800,6326,11,10,0,3,0,浙江
234512,585039,825,800,6326,11,10,0,4,2,江西
234512,311814,1129,1291,4859,11,10,0,6,2,辽宁
234512,585039,825,800,6326,11,10,2,5,2,河北
234512,1072981,1173,272,3186,06,25,0,3,0,安徽
356311,422447,1577,2213,6946,10,30,0,6,0,辽宁
356311,492131,1389,2213,6946,10,30,0,5,2,辽宁
356311,105072,1577,2213,6946,10,30,0,7,0,陕西
356311,324807,1577,2213,6946,10,30,0,6,1,江西
356311,954063,1577,2213,6946,10,30,0,2,2,辽宁
356311,1099295,1129,2213,6946,10,30,0,3,1,黑龙江
356311,444899,656,2916,5892,10,30,0,4,2,甘肃
356311,596926,656,2916,5892,10,30,0,5,0,河南
356311,1035681,656,2916,5892,10,30,0,6,2,河北
356311,770775,1172,2425,3542,09,17,0,5,1,新疆
356311,708413,1172,2425,3542,09,17,0,3,2,香港
356311,770775,1172,2425,3542,09,17,0,1,0,广东
356311,518537,1238,3760,3738,09,17,0,2,0,宁夏
356311,117672,1172,2425,3542,09,17,0,7,1,广西
356311,873338,1172,1040,4916,09,17,0,4,2,香港
356311,873338,1172,1040,4916,09,17,0,0,0,山东
356311,612799,1172,2425,3542,09,17,0,1,2,贵州
356311,272550,1172,2425,3542,09,17,0,1,0,江苏
356311,117672,1172,2425,3542,09,17,0,5,2,广东
356311,1065663,1172,2425,3542,09,17,0,0,2,湖南
356311,819981,1431,4707,1176,09,05,0,4,1,江西
356311,427727,1577,2213,6946,10,30,0,3,1,云南
356311,95474,1505,1221,7734,06,09,0,2,2,青海
356311,238391,1095,1151,6536,06,13,0,5,2,内蒙古
356311,293659,1577,331,4094,06,09,0,3,1,西藏
356311,861447,1505,331,4094,06,09,0,5,1,江西
356311,211132,1577,331,4094,06,09,0,4,1,江苏
356311,933982,1095,1151,6536,06,09,0,3,1,湖南
356311,160954,833,3149,5388,08,23,0,0,2,云南
356311,841507,833,3149,5388,08,23,0,2,1,陕西
356311,179274,833,3149,5388,08,23,0,7,2,安徽
356311,734270,833,3149,5388,08,23,0,6,0,重庆市
356311,529835,387,4947,4581,05,31,0,5,1,广西
356311,100414,1577,2333,3950,07,01,0,3,0,北京市
356311,123077,1505,2333,3950,07,01,0,6,1,山东
356311,199193,821,2333,3950,07,01,0,4,0,山西
356311,282089,1577,2333,3950,07,01,0,4,0,江苏
356311,123077,1505,2333,3950,07,01,0,3,2,陕西
356311,298879,602,359,2197,05,31,0,5,1,青海
356311,1070749,1112,4186,6035,06,05,0,0,2,福建
356311,1016560,1129,1138,4104,11,08,0,0,2,青海
356311,230657,1129,1138,4104,11,08,0,7,1,贵州
356311,1016560,1129,1138,4104,11,08,0,7,0,云南
356311,913745,1112,4186,6035,06,05,0,4,0,海南
356311,947641,1112,4186,6035,06,05,0,1,1,上海市
356311,391988,1112,4186,6035,06,05,0,5,2,陕西
356311,810457,1112,4186,6035,06,05,0,2,1,四川
356311,574842,1112,4186,6035,06,05,0,4,2,甘肃
356311,249925,420,1723,8302,06,05,0,4,1,广东
356311,391988,1112,4186,6035,06,05,0,2,2,四川
356311,202490,1112,4186,6035,06,05,0,2,1,江西
356311,848974,1129,1138,4104,11,08,0,2,1,澳门
356311,324302,1046,347,240,11,08,0,7,1,澳门
356311,819981,1431,4707,1176,11,11,0,5,1,山西
356311,59464,1129,3590,3815,11,11,0,1,2,湖北
356311,758374,1129,3205,2270,11,11,0,6,1,山西
356311,933590,1129,2213,6946,11,11,0,0,1,云南
356311,413046,1129,3205,2270,11,11,0,0,1,贵州
356311,113205,1129,3205,2270,11,11,0,0,0,澳门
356311,113205,1129,3205,2270,11,11,0,1,2,香港
356311,601949,1505,2768,7735,06,04,0,7,0,广西
356311,1017725,821,2768,7735,06,04,0,2,1,内蒙古
356311,716611,1577,3128,8391,06,04,0,4,0,台湾
356311,845451,1505,2768,7735,06,04,0,4,1,广东
356311,783030,1505,2768,7735,06,04,0,1,1,澳门
356311,424232,1505,2768,7735,06,04,0,6,1,云南
356311,659511,1505,2768,7735,06,04,0,7,2,云南
356311,617569,662,2768,7735,06,04,0,3,2,云南
356311,1017725,821,2768,7735,06,04,0,0,1,吉林
356311,880761,821,2768,7735,06,04,0,0,2,贵州
356311,371923,1505,2768,7735,06,04,0,4,2,吉林
356311,1017725,821,2768,7735,06,04,2,0,2,香港
356311,601949,1505,2768,7735,06,04,0,2,1,海南
356311,125829,1505,2768,7735,06,04,0,5,2,西藏
356311,1017725,821,2768,7735,06,04,0,7,2,四川
356311,125829,1505,2768,7735,06,04,0,2,0,海南
356311,371923,1505,2768,7735,06,04,0,0,2,宁夏
356311,845451,1505,2768,7735,06,04,0,7,0,山西
356311,1017725,821,2768,7735,06,04,0,1,2,青海
356311,1017725,821,2768,7735,06,04,0,0,0,北京市
356311,1017725,821,2768,7735,06,04,0,3,0,澳门
356311,418376,1577,2768,7735,06,04,0,0,0,天津市
356311,371923,1505,2768,7735,06,04,0,6,1,江西
356311,510170,1505,2768,7735,06,04,0,5,1,台湾
356311,1017725,821,2768,7735,06,04,0,2,1,澳门
356311,1017725,821,2768,7735,06,04,0,0,1,贵州
356311,757895,1653,455,5454,08,07,0,0,0,福建
356311,575822,229,4650,2453,08,07,0,7,0,浙江
356311,575822,229,4650,2453,08,07,2,4,2,香港
356311,238223,229,4650,2453,08,07,0,4,2,山西
356311,238223,229,4650,2453,08,07,0,2,1,陕西
356311,585586,119,4650,2453,08,07,0,7,0,辽宁
356311,238223,229,4650,2453,08,07,2,2,1,湖北
356311,575822,229,4650,2453,08,07,0,6,1,西藏
356311,575822,229,4650,2453,08,07,0,4,1,北京市
356311,335377,1129,3028,4608,11,11,0,0,2,黑龙江
356311,50377,1129,3028,4608,11,11,0,5,1,西藏
356311,758374,1129,3205,2270,11,11,0,6,2,江西
356311,1099295,1129,2213,6946,11,11,0,4,1,云南
356311,1009403,1129,2213,6946,11,11,0,3,2,西藏
356311,998103,1129,3205,2270,11,11,0,7,0,广西
356311,758374,1129,3205,2270,11,11,0,4,0,河南
356311,931066,1129,3590,3815,11,11,0,2,0,山西
356311,79114,1389,2213,6946,11,11,0,2,0,天津市
356311,113205,1129,3205,2270,11,11,0,2,2,台湾
356311,685857,1129,2213,6946,11,11,0,5,0,甘肃
356311,998103,1129,3205,2270,11,11,0,4,1,河南
356311,998103,1129,3205,2270,11,11,0,6,0,河南
356311,758374,1129,3205,2270,11,11,0,4,2,四川
356311,758374,1129,3205,2270,11,11,0,3,1,江苏
356311,830436,1129,3205,2270,11,11,0,3,0,海南
356311,113205,1129,3205,2270,11,11,0,6,0,天津市
356311,1099295,1129,2213,6946,11,11,0,0,2,黑龙江
356311,1042521,1129,3028,4608,11,11,0,0,0,黑龙江
356311,758374,1129,3205,2270,11,11,0,6,2,海南
356311,913290,1129,2213,6946,11,11,0,6,2,天津市
356311,830436,1129,3205,2270,11,11,0,7,0,四川
356311,981104,1431,4707,1176,11,11,0,2,1,甘肃
356311,1099295,1129,2213,6946,11,11,0,7,2,湖北
356311,830436,1129,3205,2270,11,11,0,4,2,陕西
356311,215289,1129,2213,6946,11,11,0,7,0,河北
356311,1099295,1129,2213,6946,11,11,0,3,0,黑龙江
356311,951072,247,4707,1176,11,11,0,2,0,海南
356311,426658,1431,4707,1176,11,11,0,6,0,贵州
356311,641422,1129,3205,2270,11,11,0,6,0,浙江
356311,758374,1129,3205,2270,11,11,0,1,0,河北
356311,964080,664,1783,5041,11,11,2,5,0,天津市
356311,308537,664,1783,5041,11,11,2,3,2,广东
356311,758374,1129,3205,2270,11,11,0,0,1,湖北
356311,758374,1129,3205,2270,11,11,2,7,2,河南
356311,246033,664,1783,5041,11,11,2,4,1,山西
356311,1042521,1129,3028,4608,11,11,0,6,1,福建
356311,981040,1129,2741,7549,11,11,0,2,2,台湾
356311,59464,1129,3590,3815,11,11,0,1,1,西藏
356311,585057,1577,3760,3738,11,11,0,7,1,黑龙江
356311,269842,1129,2213,6946,11,11,0,6,1,上海市
356311,236400,1129,3205,2270,11,11,0,4,0,海南
356311,998103,1129,3205,2270,11,11,0,5,0,福建
356311,236400,1129,3205,2270,11,11,0,6,0,上海市
356311,1099295,1129,2213,6946,11,11,0,4,2,陕西
356311,269842,1129,2213,6946,11,11,0,7,0,云南
356311,758374,1129,3205,2270,11,11,0,7,1,湖北
356311,50377,1129,3028,4608,11,11,0,2,0,辽宁
356311,998103,1129,3205,2270,11,11,0,6,2,青海
356311,269842,1129,2213,6946,11,11,0,4,2,河南
356311,931066,1129,3590,3815,11,11,0,5,1,上海市
356311,183399,1389,2213,6946,11,11,0,6,2,辽宁
356311,1099295,1129,2213,6946,11,11,0,3,0,黑龙江
356311,269842,1129,2213,6946,11,11,0,5,2,甘肃
356311,413046,1129,3205,2270,11,11,0,0,1,江西
356311,492131,1389,2213,6946,11,11,0,6,2,云南
356311,3208,1129,2741,7549,11,11,0,3,2,天津市
356311,518537,1238,3760,3738,09,09,0,7,0,四川
356311,451941,821,4949,706,05,20,0,0,1,台湾
356311,972146,1238,1098,5543,09,09,0,5,1,吉林
356311,805835,821,4949,706,05,20,0,7,1,西藏
356311,492131,1389,2213,6946,10,30,0,1,2,山东
272389,634862,748,3354,883,11,04,0,0,2,河南
272389,585540,1181,1963,6109,11,04,0,6,1,云南
272389,400477,384,1595,5800,11,04,0,1,2,北京市
272389,807126,1181,1963,6109,11,04,0,6,1,台湾
272389,376933,276,1595,5800,11,04,0,0,0,湖南
272389,506147,1075,1595,5800,11,04,0,1,0,重庆市
272389,957933,384,1595,5800,11,04,0,0,2,浙江
272389,969906,276,1595,5800,11,04,0,4,2,湖北
272389,1049137,384,1595,5800,11,04,0,2,0,北京市
272389,1035355,1075,1595,5800,11,04,0,0,0,浙江
272389,876237,1075,1595,5800,11,04,0,5,0,江苏
272389,951234,384,1595,5800,11,04,0,2,0,重庆市
272389,913350,946,1595,5800,11,04,0,0,0,湖南
272389,587104,384,1595,5800,11,04,0,3,2,河南
272389,707654,384,1595,5800,11,04,0,7,0,江西
272389,654029,1023,1595,5800,11,04,0,5,2,青海
272389,136083,384,1595,5800,11,04,0,7,1,海南
272389,153679,384,1595,5800,11,04,0,7,2,北京市
272389,521434,384,1595,5800,11,04,0,1,0,福建
272389,823051,1157,1244,1128,11,11,0,1,2,宁夏
272389,1112375,1112,4186,6035,11,11,0,7,2,内蒙古
272389,1112375,1112,4186,6035,11,11,0,5,0,辽宁
272389,1070749,1112,4186,6035,11,11,0,1,0,天津市
272389,1112375,1112,4186,6035,11,11,0,1,2,湖南
272389,1112375,1112,4186,6035,11,11,2,2,2,河北
272389,329491,384,1595,5800,11,04,0,4,1,山西
139859,705376,4,2743,4475,09,23,0,2,0,四川
139859,705376,4,2743,4475,09,23,0,6,0,辽宁
139859,144011,4,2743,4475,09,23,0,3,2,江西
139859,626485,1349,1251,2072,08,09,0,2,1,香港
139859,966114,1349,802,2072,08,09,0,4,1,福建
139859,873057,1075,259,5014,08,09,0,3,1,贵州
139859,609965,1118,167,6065,06,18,0,5,0,江苏
139859,141725,1349,802,2072,08,09,0,0,1,台湾
139859,745225,1438,259,5014,08,09,0,7,1,河北
139859,1075877,648,4825,3189,06,29,0,2,2,海南
139859,333330,648,2017,5246,06,29,0,0,1,安徽
139859,498978,648,2566,821,06,29,0,0,0,云南
139859,882631,1525,2365,7457,07,16,0,0,2,吉林
139859,342114,1113,1361,7365,10,07,0,0,1,云南
139859,225941,1349,1503,3650,07,06,0,2,2,湖南
139859,597438,895,4789,2733,07,11,0,1,1,香港
139859,671759,1142,1487,6445,11,11,0,3,0,海南
139859,671759,1142,1487,6445,11,11,0,2,0,江苏
139859,692971,1467,2510,2904,09,03,0,1,2,香港
139859,745225,1438,259,5014,08,20,0,2,1,江西
139859,671759,1142,1487,6445,11,11,2,3,1,上海市
139859,699524,800,3235,392,11,11,0,5,0,台湾
139859,333159,662,683,2545,11,11,0,5,2,天津市
139859,671759,1142,1487,6445,11,11,0,7,0,四川
139859,167106,1397,3853,6835,11,11,0,5,2,青海
139859,482696,389,1272,3489,11,11,0,0,0,河南
139859,671759,1142,1487,6445,11,11,0,5,0,西藏
139859,946684,464,1472,2871,11,11,0,7,1,重庆市
139859,671759,1142,1487,6445,11,11,0,3,1,广西
139859,1110243,662,1272,3489,11,11,0,4,2,辽宁
139859,333159,662,683,2545,11,11,0,2,2,陕西
139859,745225,1438,259,5014,08,16,0,7,2,台湾
139859,620150,407,259,5014,08,20,0,3,0,海南
139859,626485,1349,1251,2072,08,20,0,4,0,安徽
139859,1110243,662,1272,3489,11,11,0,2,0,浙江
139859,141931,1397,3853,6835,11,11,0,6,0,上海市
139859,671759,1142,1487,6445,11,11,0,4,1,台湾
139859,290032,934,1778,5855,07,30,0,5,0,云南
139859,340600,119,2575,7396,05,26,0,5,2,山东
139859,673547,242,3838,4192,09,21,0,1,2,北京市
139859,673547,242,3838,4192,09,21,0,4,0,贵州
139859,979215,715,4431,1874,08,13,0,4,0,河南
139859,756365,602,2591,5120,08,15,0,3,2,青海
102269,121940,1075,2545,2334,11,11,0,4,0,河南
102269,222610,656,1890,5683,11,11,0,7,1,山西
102269,121940,1075,2545,2334,11,11,0,2,1,湖南
102269,153851,1603,2080,410,11,11,0,6,1,广东
102269,222610,656,1890,5683,11,11,0,0,1,河南
102269,60221,1075,2545,2334,11,11,0,5,2,香港
102269,222610,656,1890,5683,11,11,0,7,2,山东
102269,270473,656,1890,5683,11,11,0,2,0,福建
102269,992312,1603,1000,6289,11,11,0,3,2,山东
102269,82939,1603,1000,6289,11,11,0,6,0,山西
102269,60221,1075,2545,2334,11,11,0,2,0,湖北
102269,60221,1075,2545,2334,11,11,2,5,1,云南
102269,60221,1075,2545,2334,11,11,0,7,0,河北
102269,60221,1075,2545,2334,11,11,0,3,1,甘肃
102269,121940,1075,2545,2334,11,11,2,3,0,重庆市
102269,224954,962,786,5245,06,07,0,7,2,青海
102269,1026365,1650,1369,3332,06,20,0,7,0,北京市
102269,982825,606,2579,3322,11,04,0,4,1,云南
102269,716692,606,2579,3322,11,04,0,4,1,内蒙古
102269,640887,656,2883,4380,11,04,0,1,1,江西
102269,391988,1112,4186,6035,11,04,0,7,1,澳门
102269,604535,178,1967,4130,11,04,0,1,1,海南
102269,690620,766,1872,3474,09,14,0,1,1,吉林
102269,690620,766,1872,3474,09,14,3,7,2,湖南
102269,479295,245,3144,4026,05,30,3,6,2,山西
102269,565145,1550,3144,4026,05,30,0,5,1,上海市
102269,1014790,488,306,7592,06,21,0,1,0,山西
102269,479295,245,3144,4026,05,30,0,3,1,云南
102269,479295,245,3144,4026,05,30,0,7,1,湖南
102269,565145,1550,3144,4026,05,30,0,6,2,吉林
102269,1014790,488,306,7592,06,21,3,5,2,浙江
102269,37341,488,2261,5221,06,21,0,6,2,澳门
102269,690620,766,1872,3474,07,10,0,4,2,吉林
102269,690620,766,1872,3474,07,10,0,1,0,江苏
102269,690620,766,1872,3474,07,10,0,5,2,广东
102269,222610,656,1890,5683,11,11,0,2,0,河北
186568,783801,614,2361,1714,11,11,2,2,2,台湾
186568,384988,1328,2257,3155,10,15,0,2,0,山东
186568,384988,1328,2257,3155,10,15,0,4,0,西藏
186568,384988,1328,2257,3155,10,15,2,7,0,江苏
186568,432493,1100,1154,3846,07,12,0,6,2,天津市
186568,924565,1147,4939,7455,07,12,2,5,0,青海
186568,499898,614,4605,7622,07,12,0,4,0,重庆市
186568,924565,1147,4939,7455,07,12,0,0,1,江西
186568,924565,1147,4939,7455,07,12,0,3,1,湖南
186568,384988,1328,2257,3155,10,15,0,5,2,福建
186568,367934,884,4966,3467,10,15,0,4,2,北京市
186568,562654,500,1337,4606,09,27,0,2,1,北京市
186568,899591,898,3716,2946,11,11,2,0,1,香港
186568,562654,500,1337,4606,09,27,0,6,0,山西
186568,141051,933,270,397,11,11,2,4,1,甘肃
186568,283983,1174,2677,1579,11,11,0,6,2,广东
186568,318277,664,2361,1714,11,11,0,6,1,福建
186568,888875,1188,1277,4866,11,11,0,7,2,澳门
186568,318277,664,2361,1714,11,11,2,0,0,北京市
186568,888875,1188,1277,4866,11,11,2,2,2,宁夏
186568,40007,662,1340,1981,11,11,2,1,1,青海
186568,181387,1175,3144,4026,11,11,2,5,1,海南
186568,845080,43,2954,1847,10,31,3,7,0,内蒙古
186568,783801,614,2361,1714,10,18,3,0,2,天津市
186568,679165,614,2361,1714,10,18,0,5,0,重庆市
186568,485241,1142,3887,48,09,10,0,6,0,广东
186568,576141,500,3017,7703,09,10,3,1,0,广西
186568,806815,1142,2299,589,09,10,0,0,0,江西
186568,413584,1553,1393,4705,11,05,0,3,2,河南
186568,932594,821,1393,4705,11,05,0,2,0,广东
186568,759597,614,4311,5903,11,05,0,6,0,浙江
186568,622724,1553,1393,4705,11,05,0,4,0,江苏
186568,1089452,1577,4044,82,08,23,0,4,2,江苏
186568,431722,247,682,390,08,23,0,5,2,香港
186568,1001785,120,3209,3848,08,23,0,5,0,天津市
186568,783801,614,2361,1714,10,22,0,2,0,西藏
186568,806815,1142,2299,589,09,10,0,4,0,海南
186568,562654,500,1337,4606,11,02,0,6,1,新疆
186568,632330,629,2677,1579,11,02,0,5,1,上海市
186568,888875,1188,1277,4866,11,02,0,0,1,内蒙古
186568,492566,1397,1393,4705,11,02,0,5,2,广西
186568,492566,1397,1393,4705,11,02,0,7,1,甘肃
186568,492566,1397,1393,4705,11,02,0,2,1,四川
186568,619445,1591,1393,4705,11,02,0,2,1,台湾
186568,50927,300,1277,4866,11,02,0,7,2,新疆
186568,123709,420,2677,1579,11,02,0,5,2,四川
186568,321904,611,4845,3345,11,02,0,4,0,云南
186568,888875,1188,1277,4866,11,02,0,3,0,黑龙江
186568,619445,1591,1393,4705,11,02,0,2,1,四川
186568,632330,629,2677,1579,11,02,0,5,1,澳门
186568,619445,1591,1393,4705,11,02,3,0,1,福建
186568,494669,204,4361,3186,11,02,3,7,2,海南
186568,492566,1397,1393,4705,11,02,3,7,1,宁夏
186568,541476,389,2676,3997,10,22,0,2,2,山西
186568,786682,1389,1828,8104,11,05,0,2,2,西藏
186568,691630,1553,1393,4705,11,05,0,5,2,广西
186568,806815,1142,2299,589,09,10,3,2,0,西藏
186568,188626,898,4950,2946,11,05,3,4,2,新疆
186568,218188,1553,2676,3997,10,22,0,5,2,黑龙江
186568,562654,500,1337,4606,10,18,0,2,2,北京市
186568,783801,614,2361,1714,10,18,0,6,2,陕西
186568,562654,500,1337,4606,10,31,0,5,2,福建
186568,1107286,1272,4540,1878,05,15,2,6,0,吉林
186568,720483,119,2575,7396,10,08,2,1,0,山东
186568,720483,119,2575,7396,10,08,0,1,0,河南
186568,720483,119,2575,7396,10,08,0,7,2,重庆市
186568,720483,119,2575,7396,10,08,0,1,0,上海市
186568,187210,1631,270,397,11,04,0,2,0,湖北
186568,614255,351,3845,3156,11,04,0,7,2,四川
186568,187210,1631,270,397,11,04,0,6,2,宁夏
186568,997507,1174,2677,1579,11,04,0,7,1,山西
186568,141051,933,270,397,11,04,0,4,0,青海
186568,562654,500,1337,4606,11,04,0,3,1,广西
186568,101289,933,270,397,11,04,0,2,1,吉林
186568,438830,351,3845,3156,11,04,0,2,2,河南
186568,807043,1559,2029,133,11,04,0,6,0,辽宁
186568,304349,683,3845,3156,11,04,0,5,1,山东
186568,161632,896,4966,3467,10,28,3,7,1,辽宁
186568,729209,1467,3409,5163,10,28,0,6,0,福建
186568,720483,119,2575,7396,10,08,0,1,0,山西
186568,187210,1631,270,397,11,04,2,5,2,广东
186568,313717,993,1236,1995,11,04,0,6,1,山东
186568,720483,119,2575,7396,10,08,0,7,1,青海
186568,152749,780,1703,3730,10,08,0,5,2,西藏
186568,550395,1326,1872,3474,07,23,0,5,0,北京市
186568,550395,1326,1872,3474,07,23,0,7,0,山东
186568,550395,1326,1872,3474,07,23,0,4,1,吉林
186568,550395,1326,1872,3474,07,23,3,1,1,浙江
186568,853621,1362,1831,7521,09,11,0,0,1,澳门
186568,832093,115,1831,7521,09,11,0,0,0,辽宁
186568,853621,1362,1831,7521,09,11,0,1,1,四川
186568,853621,1362,1831,7521,09,11,0,0,2,江西
186568,853621,1362,1831,7521,09,11,0,0,2,湖南
186568,853621,1362,1831,7521,09,11,0,1,0,河北
186568,853621,1362,1831,7521,09,11,2,2,2,山西
186568,853621,1362,1831,7521,09,11,0,3,1,海南
186568,562654,500,1337,4606,10,26,0,6,1,北京市
186568,562654,500,1337,4606,09,26,0,5,1,湖南
186568,562654,500,1337,4606,09,26,3,0,0,重庆市
186568,1090492,1326,1234,3828,09,26,0,7,2,湖北
186568,65701,1112,2066,3183,10,23,0,1,2,江苏
186568,65701,1112,2066,3183,10,23,3,5,1,内蒙古
186568,192637,1112,2066,3183,10,23,0,6,1,河南
186568,1004069,707,4549,8150,06,24,0,7,1,陕西
186568,457423,1505,1393,4705,06,24,0,7,2,河北
186568,876436,737,1140,2890,06,24,0,6,1,重庆市
186568,1048491,1505,1393,4705,06,24,0,6,0,上海市
186568,512012,821,1393,4705,06,24,0,4,0,内蒙古
186568,1004069,707,4549,8150,06,24,0,4,1,河北
186568,396296,1577,4910,1970,06,15,0,2,1,江西
186568,396296,1577,4910,1970,06,15,0,4,1,山东
186568,164092,22,2954,1847,07,11,0,5,2,山西
186568,893999,43,2954,1847,07,11,0,4,2,河南
186568,830098,517,2374,6657,10,14,3,5,2,新疆
186568,830098,517,2374,6657,10,14,0,6,2,山西
186568,384988,1328,2257,3155,10,14,0,7,2,澳门
186568,384988,1328,2257,3155,10,14,3,4,0,香港
186568,485725,641,1338,4740,09,23,0,1,1,贵州
186568,284832,1561,1338,4740,09,23,0,4,2,宁夏
186568,516511,906,1338,4740,09,23,0,5,0,四川
186568,117760,1577,527,6423,07,20,0,4,0,青海
186568,336167,563,114,2809,08,31,0,1,2,新疆
186568,980619,563,3930,8473,08,31,0,3,2,香港
186568,980619,563,3930,8473,08,31,2,4,2,湖北
186568,980619,563,3930,8473,08,31,0,2,1,广西
186568,980619,563,3930,8473,08,31,0,1,1,江苏
186568,980619,563,3930,8473,08,31,0,0,0,西藏
186568,980619,563,3930,8473,08,31,0,5,1,山西
186568,990726,600,2792,2431,10,11,2,1,2,内蒙古
186568,48726,975,1985,6772,10,11,0,1,1,内蒙古
186568,990726,600,2792,2431,10,11,0,3,1,宁夏
186568,383904,180,4423,5456,10,11,0,3,2,陕西
186568,567115,1213,4324,6699,10,11,0,7,0,青海
186568,990726,600,2792,2431,10,11,0,0,0,浙江
186568,1020249,1213,4324,6699,10,11,0,3,1,湖南
186568,990726,600,2792,2431,10,11,0,2,0,青海
186568,461997,975,4513,1019,10,11,0,0,0,云南
186568,1004069,707,4549,8150,06,25,0,4,2,辽宁
186568,783408,1505,790,384,06,25,0,1,1,福建
186568,152749,780,1703,3730,10,07,3,5,1,贵州
186568,720483,119,2575,7396,10,07,0,3,2,江苏
186568,720483,119,2575,7396,10,07,0,5,1,青海
186568,486629,1658,1986,2158,10,07,0,2,1,甘肃
186568,720483,119,2575,7396,10,07,3,3,2,山西
186568,937008,1238,3990,5644,05,30,0,2,2,广西
186568,188626,898,4950,2946,11,07,2,7,1,香港
186568,447180,1142,3760,3738,11,07,0,4,1,广东
186568,656071,946,1595,5800,11,07,0,6,1,黑龙江
186568,183877,683,4333,4682,11,07,0,0,2,河北
186568,188626,898,4950,2946,11,07,0,4,1,山东
186568,562654,500,1337,4606,10,07,0,1,0,河北
186568,2558,500,3430,7206,09,12,0,3,0,上海市
186568,720483,119,2575,7396,10,07,0,3,0,安徽
186568,486629,1658,1986,2158,10,07,0,7,1,福建
186568,1104538,662,3117,475,05,29,0,6,1,陕西
186568,155739,1271,541,6658,05,29,0,5,1,内蒙古
186568,90593,662,1272,3489,05,30,0,2,0,香港
186568,749997,898,4950,2946,05,30,3,7,2,云南
186568,886415,196,848,1221,07,21,0,2,1,江苏
186568,886415,196,848,1221,07,21,3,5,0,宁夏
186568,739659,1238,3990,5644,05,30,0,6,1,新疆
186568,366536,1238,3990,5644,05,30,0,2,0,陕西
186568,1039510,1401,192,5638,09,24,0,0,2,江西
186568,639783,1401,3214,1887,09,24,0,3,2,黑龙江
186568,1039510,1401,192,5638,09,24,3,7,0,福建
186568,720483,119,2575,7396,10,07,0,2,2,四川
186568,524366,970,4137,4139,10,24,3,4,1,福建
186568,1045969,235,279,5472,10,24,3,5,0,重庆市
186568,1004069,707,4549,8150,06,25,2,4,2,宁夏
186568,1004069,707,4549,8150,06,25,2,4,1,福建
186568,648053,662,1771,7553,06,25,0,2,0,重庆市
186568,524366,970,4137,4139,10,25,0,1,0,澳门
186568,524366,970,4137,4139,10,25,0,7,2,澳门
186568,1045969,235,279,5472,10,25,0,2,1,上海市
186568,524366,970,4137,4139,10,25,2,4,0,浙江
186568,1045969,235,279,5472,10,25,0,3,2,贵州
186568,1045969,235,279,5472,10,25,0,1,0,甘肃
186568,524366,970,4137,4139,10,25,0,7,2,吉林
186568,1045969,235,279,5472,10,25,2,6,1,海南
186568,161632,896,4966,3467,10,30,0,5,2,云南
186568,176050,1085,3614,7210,10,30,0,3,1,天津市
186568,786682,1389,1828,8104,10,30,0,0,2,澳门
186568,786682,1389,1828,8104,10,30,2,0,1,贵州
186568,161632,896,4966,3467,10,30,2,5,1,广西
186568,1104653,898,4950,2946,05,23,3,4,1,陕西
186568,749997,898,4950,2946,05,31,2,6,1,河南
186568,749997,898,4950,2946,05,31,0,3,2,甘肃
186568,937008,1238,3990,5644,05,31,0,1,2,浙江
186568,835159,614,399,4950,11,01,2,5,2,辽宁
186568,205869,898,4950,2946,11,01,0,3,1,青海
186568,436452,1142,4006,1573,11,01,0,7,2,江苏
186568,187210,1631,270,397,11,01,3,7,2,北京市
186568,562654,500,1337,4606,11,01,0,6,0,青海
186568,576141,500,3017,7703,11,01,0,3,2,河北
186568,899591,898,3716,2946,11,01,0,5,1,江苏
186568,997507,1174,2677,1579,11,01,3,7,0,江西
186568,835159,614,399,4950,11,01,0,4,0,台湾
186568,997507,1174,2677,1579,11,01,0,6,0,澳门
186568,384134,993,4267,6046,11,01,0,2,2,宁夏
186568,176050,1085,3614,7210,10,30,0,1,0,内蒙古
186568,786682,1389,1828,8104,10,30,0,1,1,江西
186568,176050,1085,3614,7210,10,30,2,2,0,江苏
186568,786682,1389,1828,8104,10,30,0,0,2,河北
186568,161632,896,4966,3467,10,30,0,0,0,澳门
186568,176050,1085,3614,7210,10,30,0,0,1,宁夏
186568,161632,896,4966,3467,10,30,0,2,2,广东
186568,786682,1389,1828,8104,10,29,3,0,2,广东
186568,176050,1085,3614,7210,10,29,3,0,2,辽宁
186568,937008,1238,3990,5644,05,23,0,1,0,广东
186568,610982,267,1867,3243,08,05,3,5,0,四川
186568,181387,1175,3144,4026,11,08,0,5,2,山西
186568,1044140,629,3845,3156,11,08,0,0,2,重庆市
186568,1044140,629,3845,3156,11,08,3,1,0,湖南
186568,181387,1175,3144,4026,11,08,3,1,1,天津市
186568,40007,662,1340,1981,11,08,3,6,1,湖北
186568,1044140,629,3845,3156,11,08,0,3,2,台湾
186568,1044140,629,3845,3156,11,08,0,5,2,甘肃
186568,40007,662,1340,1981,11,08,0,0,1,云南
186568,541476,389,2676,3997,09,30,0,4,1,安徽
186568,541476,389,2676,3997,09,30,3,5,2,陕西
186568,375049,662,2676,3997,09,30,0,3,0,河南
186568,541476,389,2676,3997,09,30,0,7,2,香港
186568,1088588,662,2676,3997,09,30,0,2,2,陕西
186568,541476,389,2676,3997,09,30,0,0,2,河北
186568,541476,389,2676,3997,09,30,0,3,2,澳门
186568,1088588,662,2676,3997,09,30,0,7,0,浙江
186568,541476,389,2676,3997,09,30,0,3,2,浙江
186568,541476,389,2676,3997,09,30,0,4,2,贵州
186568,840624,1591,4321,2018,08,17,0,2,1,浙江
186568,458780,196,848,1221,08,17,3,6,1,广东
186568,578242,1397,4073,4755,08,17,0,5,0,北京市
186568,929440,662,4073,4755,08,17,0,5,1,江西
186568,1051337,662,2828,540,08,17,0,5,0,香港
186568,1104653,898,4950,2946,05,23,0,1,2,贵州
186568,739659,1238,3990,5644,05,23,0,4,2,贵州
186568,1039510,1401,192,5638,09,25,0,1,0,湖北
186568,1039510,1401,192,5638,09,25,0,3,2,四川
186568,1039510,1401,192,5638,09,25,2,0,1,山东
186568,1039510,1401,192,5638,09,25,0,0,2,河南
186568,937008,1238,3990,5644,05,23,3,5,1,上海市
186568,1044140,629,3845,3156,11,11,2,0,1,河南
149002,291706,1228,3647,3019,06,03,0,6,0,吉林
149002,276243,50,199,1866,07,03,0,4,0,辽宁
149002,291706,1228,3647,3019,06,03,0,4,2,广东
149002,84151,1298,1989,1954,08,17,0,0,0,西藏
149002,315713,490,1661,240,08,17,0,4,0,江苏
149002,84151,1298,1989,1954,08,17,0,7,2,福建
149002,989660,577,3791,1500,11,11,0,3,1,贵州
149002,282,885,3791,1500,11,11,0,1,0,陕西
149002,582246,885,3791,1220,11,11,0,1,1,云南
149002,1074027,964,3791,1500,11,11,0,1,0,江西
149002,1074027,964,3791,1500,11,11,0,4,2,西藏
149002,810562,1141,167,5367,11,11,0,1,2,广东
149002,989660,577,3791,1500,11,11,0,1,0,河北
149002,754044,1213,3736,3125,05,21,0,5,2,河北
149002,23858,1023,4458,6997,05,21,0,6,0,新疆
149002,989660,577,3791,1500,11,11,0,3,1,云南
149002,945203,885,1190,1500,11,11,0,6,0,澳门
149002,536300,885,3791,1500,11,11,0,0,2,香港
149002,23858,1023,4458,6997,05,21,2,5,2,福建
149002,754044,1213,3736,3125,05,21,2,5,1,陕西
149002,754044,1213,3736,3125,05,21,0,7,1,甘肃
149002,23858,1023,4458,6997,05,21,0,4,1,河北
